2018/02/21,終わらない言葉( ˙꒳˙ )   山下美月,http://blog.nogizaka46.com/third/2018/02/043335.php
2018/02/20,赤い靴のリボンは教頭先生のメガネロックザスクール。 向井葉月,http://blog.nogizaka46.com/third/2018/02/043301.php
2018/02/19,「夢を見ることができる魔法のクッション☆彡があるんだけど、枕じゃなくてクッションだから寝るのには適してないみたいで腰が痛くなります。とても柔らかいクッションだったので丸い形だったのにだんだん潰れてきてしまっててて少しショックです。腰の痛さより毎日夢を見て寝れるから寝てる時間まで幸せなのでOKですね、睡眠まで楽んでます。が最近の私のです。ブログのタイトル思い浮かばなくて話を書てたら長くなってしまいした。もうこんなに長くることはないと思います」中村麗乃,http://blog.nogizaka46.com/third/2018/02/043285.php
2018/02/18,１つマジックできるようになった  佐藤 楓,http://blog.nogizaka46.com/third/2018/02/043284.php
2018/02/17,ピンクのねこやなぎ 阪口珠美,http://blog.nogizaka46.com/third/2018/02/043272.php
2018/02/16,待ちぼうけ。  久保史緒里,http://blog.nogizaka46.com/third/2018/02/043267.php
2018/02/15,大園桃子です,http://blog.nogizaka46.com/third/2018/02/043247.php
2018/02/14,もどかしいきもち。梅澤美波,http://blog.nogizaka46.com/third/2018/02/043244.php
2018/02/13,涙はいつか笑顔に変わる 岩本蓮加,http://blog.nogizaka46.com/third/2018/02/043237.php
2018/02/12,シュパシュパした  伊藤理々杏,http://blog.nogizaka46.com/third/2018/02/043215.php
2018/02/11,福岡から配信！   与田祐希,http://blog.nogizaka46.com/third/2018/02/043211.php
2018/02/10,夜空に光る金と赤 吉田綾乃クリスティー,http://blog.nogizaka46.com/third/2018/02/043205.php
2018/02/09,ネモフィラの色( ˙꒳˙ )  山下美月,http://blog.nogizaka46.com/third/2018/02/043203.php
2018/02/08,仕送りのダンボール開けたら長芋だけ大量に入ってた。生まれてからずっと長芋って呼ばれてた。向井葉月,http://blog.nogizaka46.com/third/2018/02/043190.php
2018/02/07,今日は楽しい夢見たの。！！中村麗乃,http://blog.nogizaka46.com/third/2018/02/043178.php
2018/02/06,今1番行きたいところ？  佐藤 楓,http://blog.nogizaka46.com/third/2018/02/043171.php
2018/02/05,スイトピーの花言葉は...？阪口珠美,http://blog.nogizaka46.com/third/2018/02/043160.php
2018/02/04,伝わらないもどかしさ。空回り。久保史緒里,http://blog.nogizaka46.com/third/2018/02/043158.php
2018/02/03,大園桃子,http://blog.nogizaka46.com/third/2018/02/043148.php
2018/02/02,影響力。梅澤美波,http://blog.nogizaka46.com/third/2018/02/043140.php
2018/02/01,出会いと別れ 岩本蓮加,http://blog.nogizaka46.com/third/2018/02/043126.php
2018/01/31,太陽でも月でも 伊藤理々杏,http://blog.nogizaka46.com/third/2018/01/043119.php
2018/01/30,ちょっとのぞいていきなよ〜〜  与田祐希,http://blog.nogizaka46.com/third/2018/01/043112.php
2018/01/29,真っ白な世界 吉田綾乃クリスティー,http://blog.nogizaka46.com/third/2018/01/043095.php
2018/01/28,気持ちは溶けないよね？( ˙꒳˙ )  山下美月,http://blog.nogizaka46.com/third/2018/01/043088.php
2018/01/27,羊のウエディングドレス姿に脱帽。 向井葉月,http://blog.nogizaka46.com/third/2018/01/043067.php
2018/01/26,今日は嬉しいことが沢山あったんだあ！！、中村麗乃,http://blog.nogizaka46.com/third/2018/01/043060.php
2018/01/25,雪が降ったら雪合戦だよね  佐藤 楓,http://blog.nogizaka46.com/third/2018/01/043052.php
2018/01/24,カモミールの香り 阪口珠美,http://blog.nogizaka46.com/third/2018/01/043029.php
2018/01/23,誰にだって。私にだって。久保史緒里,http://blog.nogizaka46.com/third/2018/01/043025.php
2018/01/22,ねーねー！雪だよ雪ーっ！。大園桃子,http://blog.nogizaka46.com/third/2018/01/043007.php
2018/01/21,寒くなるね雪降るかな〜。梅澤美波,http://blog.nogizaka46.com/third/2018/01/043004.php
2018/01/20,Never Give Up！  岩本 蓮加,http://blog.nogizaka46.com/third/2018/01/042985.php
2018/01/19,密かに待ってます 伊藤理々杏,http://blog.nogizaka46.com/third/2018/01/042969.php
2018/01/18,山羊と羊の違いとは...   与田祐希,http://blog.nogizaka46.com/third/2018/01/042954.php
2018/01/17,寝起きの一言 吉田綾乃クリスティー,http://blog.nogizaka46.com/third/2018/01/042918.php
2018/01/16,ワニワニパニックの餌としての生き方( ˙꒳˙ ) 山下美月,http://blog.nogizaka46.com/third/2018/01/042914.php
2018/01/15,sunとmyエンジェルの光粒。 向井葉月,http://blog.nogizaka46.com/third/2018/01/042903.php
2018/01/14,楽しいで溢れてる。中村麗乃,http://blog.nogizaka46.com/third/2018/01/042876.php
2018/01/13,お正月ってやっぱりいいよね！あ、まだお年玉もらってます✌︎  佐藤 楓,http://blog.nogizaka46.com/third/2018/01/042849.php
2018/01/12,2018年 真珠の木 阪口珠美,http://blog.nogizaka46.com/third/2018/01/042839.php
2018/01/11,温かな日向の元、私は...  史緒里,http://blog.nogizaka46.com/third/2018/01/042821.php
2018/01/10,ももこも幸せ貯金はじめたよーーー^ ^！。大園桃子,http://blog.nogizaka46.com/third/2018/01/042783.php
2018/01/09,ずっと寒くていいのになあ。梅澤美波,http://blog.nogizaka46.com/third/2018/01/042778.php
2018/01/08,2018年1回目のブログだ~ 岩本蓮加,http://blog.nogizaka46.com/third/2018/01/042748.php
2018/01/07,アイドルである限り。 伊藤理々杏,http://blog.nogizaka46.com/third/2018/01/042744.php
2018/01/06, 2018年最初のブログだ！何書こうかな〜、どうよっかな〜！ 与田祐希  ,http://blog.nogizaka46.com/third/2018/01/042727.php
2018/01/05,向井のほっぺはむにむに 吉田綾乃クリスティー,http://blog.nogizaka46.com/third/2018/01/042706.php
2018/01/04,私の前前前世はパグだと思うんだ( ˙꒳˙ )   山下美月      ,http://blog.nogizaka46.com/third/2018/01/042651.php
2018/01/03,油揚げはニューワールド新世界に耳がついてる。 向井葉月,http://blog.nogizaka46.com/third/2018/01/042583.php
2018/01/02,鏡餅ってなんでみかんみたいなの乗ってるの？中村麗乃,http://blog.nogizaka46.com/third/2018/01/042576.php
2018/01/01,いざ年が明けるとなんだか寂しい気持ちもある  佐藤 楓,http://blog.nogizaka46.com/third/2018/01/042574.php
2017/12/31,真っ白なカスミソウ 阪口珠美,http://blog.nogizaka46.com/third/2017/12/042565.php
2017/12/30,どこまでも追い続ける光。久保史緒里,http://blog.nogizaka46.com/third/2017/12/042554.php
2017/12/29,2017年ありがとうー！。大園桃子,http://blog.nogizaka46.com/third/2017/12/042518.php
2017/12/28,思い込み。梅澤美波,http://blog.nogizaka46.com/third/2017/12/042545.php
2017/12/27,何もない空を 美しい空を 青空を 僕は信じる   岩本蓮加,http://blog.nogizaka46.com/third/2017/12/042473.php
2017/12/26,今年も恒例 伊藤理々杏,http://blog.nogizaka46.com/third/2017/12/042464.php
2017/12/25,クリスマスプレゼントは日向の温度、お年玉はモブサイコ100   与田祐希,http://blog.nogizaka46.com/third/2017/12/042404.php
2017/12/24,千鳥柄のユニフォーム 吉田綾乃クリスティー,http://blog.nogizaka46.com/third/2017/12/042395.php
2017/12/23,私本当はサンタさんなんだ！( ˙꒳˙ )  山下美月,http://blog.nogizaka46.com/third/2017/12/042382.php
2017/12/22,頭にベーコンなんか乗せるから滑るんだってば。 向井葉月,http://blog.nogizaka46.com/third/2017/12/042356.php
2017/12/21,「みんなはさぁ、」中村麗乃,http://blog.nogizaka46.com/third/2017/12/042270.php
2017/12/20,来年は戌年、私は寅年  佐藤 楓,http://blog.nogizaka46.com/third/2017/12/042209.php
2017/12/19,ポインセチアがいっぱい！阪口珠美,http://blog.nogizaka46.com/third/2017/12/042201.php
2017/12/18,簡単に使いたくない言葉。 久保史緒里,http://blog.nogizaka46.com/third/2017/12/042186.php
2017/12/17,みんな～日曜日だよー！。大園桃子,http://blog.nogizaka46.com/third/2017/12/042176.php
2017/12/16,知らなかったことがもったいないくらい面白い。梅澤美波,http://blog.nogizaka46.com/third/2017/12/042175.php
2017/12/15,今しか出来ないことをしなきゃ。今を楽しまなきゃ。岩本蓮加,http://blog.nogizaka46.com/third/2017/12/042165.php
2017/12/14,サンタさんに他人行儀 伊藤理々杏,http://blog.nogizaka46.com/third/2017/12/042153.php
2017/12/13,人のあたたかさ  与田祐希,http://blog.nogizaka46.com/third/2017/12/042147.php
2017/12/12,空き缶のプルタブ 吉田綾乃クリスティー,http://blog.nogizaka46.com/third/2017/12/042123.php
2017/12/11,風邪ひかないでね( ˙˙ )   山下美月,http://blog.nogizaka46.com/third/2017/12/042112.php
2017/12/10,メダカが二足歩行になった日、イワシも頑張ったけどミスって三足歩行になっちゃった時の音楽。 向葉月。,http://blog.nogizaka46.com/third/2017/12/042105.php
2017/12/09,幸せで溢れますように。中村麗乃,http://blog.nogizaka46.com/third/2017/12/042084.php
2017/12/08,くすぐったいと言いながら暴れる人 佐藤 楓,http://blog.nogizaka46.com/third/2017/12/042080.php
2017/12/07,赤いゼラニウム 阪口珠美,http://blog.nogizaka46.com/third/2017/12/042061.php
2017/12/06,いつかその日が来る日まで。久保史緒里,http://blog.nogizaka46.com/third/2017/12/042047.php
2017/12/05,今日の朝はお米食べたのー！。大園桃子,http://blog.nogizaka46.com/third/2017/12/042029.php
2017/12/04,雨のち雪と晴れ女。梅澤美波,http://blog.nogizaka46.com/third/2017/12/042024.php
2017/12/03,したたる水の行方は 岩本蓮加,http://blog.nogizaka46.com/third/2017/12/042016.php
2017/12/02,マフラーに埋もれて  伊藤理々杏,http://blog.nogizaka46.com/third/2017/12/042014.php
2017/12/01,最後にもう一回スペースワールドに行きたい  与田祐希,http://blog.nogizaka46.com/third/2017/12/042007.php
2017/11/30,数年振りのやせうま 吉田綾乃クリスティー,http://blog.nogizaka46.com/third/2017/11/041985.php
2017/11/29,前向き( ˙꒳˙ )   山下美月,http://blog.nogizaka46.com/third/2017/11/041981.php
2017/11/28,鍋に投げ込まれたひよこ豆の気持ちになってよ！豆腐になりたい。 向井葉,http://blog.nogizaka46.com/third/2017/11/041973.php
2017/11/27,制服にキャメルのダッフルコートとマフラーの組み合わせ最強説。中村麗乃,http://blog.nogizaka46.com/third/2017/11/041962.php
2017/11/26,念ずれば叶う   佐藤楓,http://blog.nogizaka46.com/third/2017/11/041957.php
2017/11/25,ヒペリカム 阪口珠美,http://blog.nogizaka46.com/third/2017/11/041949.php
2017/11/24,今日はどんなことがあったの。久保史緒里,http://blog.nogizaka46.com/third/2017/11/041937.php
2017/11/23,今日はももこのブログだー。大園桃子,http://blog.nogizaka46.com/third/2017/11/041927.php
2017/11/22,一度はまるとそれっきり。梅澤美波,http://blog.nogizaka46.com/third/2017/11/041922.php
2017/11/21,大人に邪魔をさせない 岩本蓮加,http://blog.nogizaka46.com/third/2017/11/041894.php
2017/11/20,紅葉風、これ秋かな。 伊藤理々杏,http://blog.nogizaka46.com/third/2017/11/041886.php
2017/11/19,オフショルの日  与田祐希,http://blog.nogizaka46.com/third/2017/11/041881.php
2017/11/18,冬のアイスこそ至高 吉田綾乃クリスティー,http://blog.nogizaka46.com/third/2017/11/041869.php
2017/11/17,私の目の中に閉じ込めてあげる( ˙꒳˙ )  山下美月,http://blog.nogizaka46.com/third/2017/11/041864.php
2017/11/16,あ、あの！すみません！カニカマ落としましたよ！ 向井葉月。,http://blog.nogizaka46.com/third/2017/11/041861.php
2017/11/15,追いかけたい夢がある。中村麗乃,http://blog.nogizaka46.com/third/2017/11/041852.php
2017/11/14,自転車を漕いでも筋肉痛、走っても筋肉痛  佐藤 楓,http://blog.nogizaka46.com/third/2017/11/041843.php
2017/11/13,星みたいなお花ペンタス 阪口珠美,http://blog.nogizaka46.com/third/2017/11/041828.php
2017/11/12,どこへ行ったの？戻っておいで。久保史緒里,http://blog.nogizaka46.com/third/2017/11/041804.php
2017/11/11,仲間入り。大園桃子,http://blog.nogizaka46.com/third/2017/11/041791.php
2017/11/10,寒い風が心地よい。梅澤美波,http://blog.nogizaka46.com/third/2017/11/041783.php
2017/11/09,一年前の気持ち  岩本蓮加,http://blog.nogizaka46.com/third/2017/11/041770.php
2017/11/09,上までびっしりの希望 伊藤理々杏,http://blog.nogizaka46.com/third/2017/11/041766.php
2017/11/07,乃木坂46が大好きです  与田祐希,http://blog.nogizaka46.com/third/2017/11/041757.php
2017/11/06,空腹と眠気 吉田綾乃クリスティー,http://blog.nogizaka46.com/third/2017/11/041749.php
2017/11/05,昨日の満月綺麗だったね( ˙꒳˙ )   山下美月,http://blog.nogizaka46.com/third/2017/11/041733.php
2017/11/04,特急の乗務員シャクトリムシ先輩。 向井葉月,http://blog.nogizaka46.com/third/2017/11/041713.php
2017/11/03,ぱんぷきんの魔法。中村麗乃,http://blog.nogizaka46.com/third/2017/11/041695.php
2017/11/02,魔法が使えるようになりたいんですがどうすればいいですか？  佐藤楓,http://blog.nogizaka46.com/third/2017/11/041690.php
2017/11/01,フヨウの花ってどんな花？阪口珠美,http://blog.nogizaka46.com/third/2017/11/041676.php
2017/10/31,前へ。ブレーキありません。久保史緒里,http://blog.nogizaka46.com/third/2017/10/041645.php
2017/10/30,533日。大園桃子,http://blog.nogizaka46.com/third/2017/10/041639.php
2017/10/29,曇った窓ガラスに文字を書いてみたりしたんだ〜。梅澤美波,http://blog.nogizaka46.com/third/2017/10/041633.php
2017/10/28,素直に生きる美しさ  本蓮加,http://blog.nogizaka46.com/third/2017/10/041624.php
2017/10/27,嫌いじゃない、そういうとこ 伊藤理々杏,http://blog.nogizaka46.com/third/2017/10/041617.php
2017/10/26,見殺し姫  与田祐希,http://blog.nogizaka46.com/third/2017/10/041602.php
2017/10/25,チョーカーが超痒い 吉田綾乃クリスティー,http://blog.nogizaka46.com/third/2017/10/041578.php
2017/10/24,山下犬( ˙꒳˙ ) 山下美月,http://blog.nogizaka46.com/third/2017/10/041576.php
2017/10/23,玉子焼き味のおはぎ詰め詰め。 向井葉月,http://blog.nogizaka46.com/third/2017/10/041569.php
2017/10/22,肌寒い秋風が吹いてももう少しＴシャツがいい。中村麗乃,http://blog.nogizaka46.com/third/2017/10/041555.php
2017/10/21,バックビークが大好きなのですが皆さんはどうですか？と見る前に書いたらまさかのハリポタ録画し忘れて悲しみの雨です。バックビーク大大大好きなのに  佐藤 楓,http://blog.nogizaka46.com/third/2017/10/041547.php
2017/10/20,白ダリアのブーケ 阪口珠美,http://blog.nogizaka46.com/third/2017/10/041534.php
2017/10/19,朝まで待てない。久保史緒里,http://blog.nogizaka46.com/third/2017/10/041510.php
2017/10/18,ガル助とダル吉。大園桃子,http://blog.nogizaka46.com/third/2017/10/041501.php
2017/10/17,今の気温がすきなんだ〜。梅澤美波,http://blog.nogizaka46.com/third/2017/10/041493.php
2017/10/16,寒くなってきたね:;(•﹏•๑) 岩本蓮加,http://blog.nogizaka46.com/third/2017/10/041483.php
2017/10/15,はっちゃけ姫 伊藤理々杏,http://blog.nogizaka46.com/third/2017/10/041476.php
2017/10/14,日向の温度   与田祐希,http://blog.nogizaka46.com/third/2017/10/041472.php
2017/10/13,お味噌汁にカボスを数滴 吉田綾乃クリスティー,http://blog.nogizaka46.com/third/2017/10/041430.php
2017/10/12,ピンクのゼラニウム( ꒳˙ )   山下美月,http://blog.nogizaka46.com/third/2017/10/041419.php
2017/10/11,矢印の方向に歩けば歩くほど頭がパイナップルに突き刺さる。 向井葉月,http://blog.nogizaka46.com/third/2017/10/041404.php
2017/10/10,ベレー帽。中村麗乃,http://blog.nogizaka46.com/third/2017/10/041370.php
2017/10/09,お手玉３つで出来ます？  佐藤 楓,http://blog.nogizaka46.com/third/2017/10/041361.php
2017/10/08,ブルーデイジーって可愛いお花だな 阪口珠美,http://blog.nogizaka46.com/third/2017/10/041355.php
2017/10/07,今じゃないかな。今だよ。 久保史緒里,http://blog.nogizaka46.com/third/2017/10/041348.php
2017/10/06,寒いんだー。大園桃子,http://blog.nogizaka46.com/third/2017/10/041311.php
2017/10/05,姫〜。梅澤美波,http://blog.nogizaka46.com/third/2017/10/041306.php
2017/10/04,今日は天使の日なんだって！  岩本蓮加,http://blog.nogizaka46.com/third/2017/10/041272.php
2017/10/03,そのどこかの誰かさんに 伊藤理々杏,http://blog.nogizaka46.com/third/2017/10/041264.php
2017/10/02,ふわっとした日常のこと〜  与田祐希,http://blog.nogizaka46.com/third/2017/10/041256.php
2017/10/01,ぐるぐるがっちゃん 吉田綾乃クリスティー,http://blog.nogizaka46.com/third/2017/10/041235.php
2017/09/30,夢見たい( ˙꒳˙ )   山下美月,http://blog.nogizaka46.com/third/2017/09/041222.php
2017/09/29,背後の人に変身するか、やっぱゴーヤマシンガン。向井葉月,http://blog.nogizaka46.com/third/2017/09/041206.php
2017/09/28,椅子の連携。中村麗乃,http://blog.nogizaka46.com/third/2017/09/041193.php
2017/09/27,肩が急斜面   佐藤楓,http://blog.nogizaka46.com/third/2017/09/041174.php
2017/09/26,ポーチュラカの花のように 阪口珠美,http://blog.nogizaka46.com/third/2017/09/041162.php
2017/09/25,明日は変わってく。久保史緒里,http://blog.nogizaka46.com/third/2017/09/041159.php
2017/09/24,1年に1回だけ(°▽°)、大園桃子,http://blog.nogizaka46.com/third/2017/09/041150.php
2017/09/23,まだかな金木犀〜。梅澤美波,http://blog.nogizaka46.com/third/2017/09/041126.php
2017/09/22,(๑>◡<๑) 岩本蓮加,http://blog.nogizaka46.com/third/2017/09/040946.php
2017/09/21,可愛いお嫁さん 伊藤理々杏,http://blog.nogizaka46.com/third/2017/09/040838.php
2017/09/20,写真集の撮影が終わりました！   与田祐希,http://blog.nogizaka46.com/third/2017/09/040821.php
2017/09/19,彩野菜のパスタ 吉田綾乃クリスティー,http://blog.nogizaka46.com/third/2017/09/040793.php
2017/09/18,今日は眠れる？( ˙꒳˙ )   山下美月,http://blog.nogizaka46.com/third/2017/09/040757.php
2017/09/17,四つ穴ボタンの左下の穴を覗いて、しらすと目があった人が勝ち。向井葉月,http://blog.nogizaka46.com/third/2017/09/040722.php
2017/09/16,道を開けろよ。中村麗乃,http://blog.nogizaka46.com/third/2017/09/040659.php
2017/09/15,日常会話が全て台詞に聞こえてくる現象 佐藤楓,http://blog.nogizaka46.com/third/2017/09/040655.php
2017/09/14,カラフルなガーベラ 阪口珠美,http://blog.nogizaka46.com/third/2017/09/040640.php
2017/09/13,変わったこと。変わらないこと。変わりたいこと。久保史緖里,http://blog.nogizaka46.com/third/2017/09/040636.php
2017/09/12,毎日〜たい焼き〜♩大園桃子,http://blog.nogizaka46.com/third/2017/09/040624.php
2017/09/11,秋のにおい〜。梅澤美波,http://blog.nogizaka46.com/third/2017/09/040617.php
2017/09/10,あぁ、バーゲンセール 岩本蓮加,http://blog.nogizaka46.com/third/2017/09/040610.php
2017/09/09,スイカの種は... 伊藤々杏,http://blog.nogizaka46.com/third/2017/09/040598.php
2017/09/08,手を伸ばしても何も触れられない   与田祐希,http://blog.nogizaka46.com/third/2017/09/040586.php
2017/09/07,消えたデータ 吉田綾乃クリスティー,http://blog.nogizaka46.com/third/2017/09/040574.php
2017/09/06,サファイアの蝶達( ˙˙ )   山下美月,http://blog.nogizaka46.com/third/2017/09/040567.php
2017/09/05,思考回路のお散歩。 向井葉月,http://blog.nogizaka46.com/third/2017/09/040556.php
2017/09/04,3。Anniversary.☺︎。中村麗乃,http://blog.nogizaka46.com/third/2017/09/040547.php
2017/09/03,おめで鯛焼きありがとウパー  佐藤楓,http://blog.nogizaka46.com/third/2017/09/040543.php
2017/09/02,青いバラ 阪口珠美,http://blog.nogizaka46.com/third/2017/09/040529.php
2017/09/01,わかっていても。久保史緒里,http://blog.nogizaka46.com/third/2017/09/040515.php
2017/08/31,ロケット花火も好きでね、線香花火もすきだよ！大園桃子,http://blog.nogizaka46.com/third/2017/08/040475.php
2017/08/30,わんにゃん。梅澤美波,http://blog.nogizaka46.com/third/2017/08/040470.php
2017/08/29,夏休みがー終わるー  岩本蓮加,http://blog.nogizaka46.com/third/2017/08/040464.php
2017/08/28,あま〜い香り 伊藤理々杏,http://blog.nogizaka46.com/third/2017/08/040458.php
2017/08/27,大事なものはいつだってあやふやな存在♪  与田祐希,http://blog.nogizaka46.com/third/2017/08/040452.php
2017/08/26,ゆらゆら揺れる葉っぱ 吉田綾乃クリスティー,http://blog.nogizaka46.com/third/2017/08/040440.php
2017/08/25,キンモクセイに導かれて( ˙꒳˙ )   山下美月,http://blog.nogizaka46.com/third/2017/08/040437.php
2017/08/24,コーンポタージュのゴールド会員。 向井葉月,http://blog.nogizaka46.com/third/2017/08/040405.php
2017/08/23,かき氷、何派ですか？中村麗乃,http://blog.nogizaka46.com/third/2017/08/040399.php
2017/08/22,みんなでフリーザーを倒すの巻  佐藤楓,http://blog.nogizaka46.com/third/2017/08/040397.php
2017/08/21,紫色のフリージア 阪口珠美,http://blog.nogizaka46.com/third/2017/08/040371.php
2017/08/20,幸せオーラ。久保史緒里,http://blog.nogizaka46.com/third/2017/08/040362.php
2017/08/19,何が好きかな〜。大園桃子,http://blog.nogizaka46.com/third/2017/08/040351.php
2017/08/18,まっくろくろすけ。梅澤美波,http://blog.nogizaka46.com/third/2017/08/040342.php
2017/08/17,イェーイェー！！ 岩本蓮加,http://blog.nogizaka46.com/third/2017/08/040335.php
2017/08/16,夏に食べたい 伊藤理々杏,http://blog.nogizaka46.com/third/2017/08/040318.php
2017/08/15,まっすぐ！！ 与田祐希,http://blog.nogizaka46.com/third/2017/08/040311.php
2017/08/14,唇フェチなのかもしれない 吉田綾乃クリスティー,http://blog.nogizaka46.com/third/2017/08/040286.php
2017/08/13,月の光( ˙꒳˙ )   山下美月,http://blog.nogizaka46.com/third/2017/08/040280.php
2017/08/12,エビフライの尻尾ni食べられた。 向井葉月,http://blog.nogizaka46.com/third/2017/08/040254.php
2017/08/11,せせせせんだーい。中村麗乃,http://blog.nogizaka46.com/third/2017/08/040252.php
2017/08/10,私に美味しい桃をくださいな 佐藤楓,http://blog.nogizaka46.com/third/2017/08/040242.php
2017/08/09,レンゲツツジ〜阪口珠美,http://blog.nogizaka46.com/third/2017/08/040222.php
2017/08/08,何度だって。いくつだって。久保史緒里,http://blog.nogizaka46.com/third/2017/08/040210.php
2017/08/07,夏〜。大園桃子,http://blog.nogizaka46.com/third/2017/08/040204.php
2017/08/06,みみが幸せ〜。梅澤美波,http://blog.nogizaka46.com/third/2017/08/040194.php
2017/08/05,もう八月なんだね〜  岩本蓮加,http://blog.nogizaka46.com/third/2017/08/040178.php
2017/08/04,ひと息つきながら 伊藤理々杏,http://blog.nogizaka46.com/third/2017/08/040167.php
2017/08/03,花火大会に行こう！ 与田祐希,http://blog.nogizaka46.com/third/2017/08/040160.php
2017/08/02,赤と青のヒーロー 吉田綾乃クリスティー,http://blog.nogizaka46.com/third/2017/08/040143.php
2017/08/01,ぽんぽんぽんこつ( ˙˙ )    山下美月,http://blog.nogizaka46.com/third/2017/08/040133.php
2017/07/31,パプリカの中でマシュマロが膨れ上がっ。向井葉月,http://blog.nogizaka46.com/third/2017/07/040100.php
2017/07/30,人間が緑の葉っぱを食べてます。中村麗乃,http://blog.nogizaka46.com/third/2017/07/040082.php
2017/07/29,たこ焼きのたこが嫌いなんてことありますか？  佐藤楓,http://blog.nogizaka46.com/third/2017/07/040071.php
2017/07/28,アカツメクサ〜 阪口美,http://blog.nogizaka46.com/third/2017/07/040057.php
2017/07/27,時間はかかっても。久保史緒里,http://blog.nogizaka46.com/third/2017/07/039999.php
2017/07/26,438日。大園桃子,http://blog.nogizaka46.com/third/2017/07/039989.php
2017/07/25,好きなものは好き。梅澤美波,http://blog.nogizaka46.com/third/2017/07/039983.php
2017/07/24,窓の外は田舎 岩本蓮加,http://blog.nogizaka46.com/third/2017/07/039967.php
2017/07/23,ポップコーン瓶に詰めよ〜 伊藤理々杏,http://blog.nogizaka46.com/third/2017/07/039960.php
2017/07/22,ちょっとした悩み  与田祐希,http://blog.nogizaka46.com/third/2017/07/039946.php
2017/07/21,大腿骨と尺骨の響きがすき 吉田綾乃クリスティー,http://blog.nogizaka46.com/third/2017/07/039933.php
2017/07/20,サガリバナに憧れて( ꒳˙ )   山下美月,http://blog.nogizaka46.com/third/2017/07/039914.php
2017/07/19,張り切って飛び込んだら牛肉だった時のリアクション。 向井葉月,http://blog.nogizaka46.com/third/2017/07/039890.php
2017/07/18,夢のイマジネーション。中村麗乃,http://blog.nogizaka46.com/third/2017/07/039877.php
2017/07/17,今年の夏  佐藤楓,http://blog.nogizaka46.com/third/2017/07/039871.php
2017/07/16,真珠の木 阪口珠美,http://blog.nogizaka46.com/third/2017/07/039846.php
2017/07/15,向日葵  久保史緒里,http://blog.nogizaka46.com/third/2017/07/039822.php
2017/07/14,夏。大園桃子,http://blog.nogizaka46.com/third/2017/07/039778.php
2017/07/13,どこでもおんなじ空。梅澤美波,http://blog.nogizaka46.com/third/2017/07/039764.php
2017/07/12,いま、ポテトフライ食べてるの。 岩本蓮加,http://blog.nogizaka46.com/third/2017/07/039761.php
2017/07/11,風じゃなくて... 伊藤理々杏,http://blog.nogizaka46.com/third/2017/07/039745.php
2017/07/10,努力 感謝 笑顔    与田祐希,http://blog.nogizaka46.com/third/2017/07/039739.php
2017/07/09,吊された紙と壁の時計 吉田綾乃クリスティー,http://blog.nogizaka46.com/third/2017/07/039718.php
2017/07/08,相談相手が増えました( ˙꒳˙ )   山下美月,http://blog.nogizaka46.com/third/2017/07/039709.php
2017/07/07,1750mmのカタツムリ。 向井葉月,http://blog.nogizaka46.com/third/2017/07/039694.php
2017/07/06,願い事。中村麗乃,http://blog.nogizaka46.com/third/2017/07/039664.php
2017/07/05,まだまだ変わるぞ  佐藤楓,http://blog.nogizaka46.com/third/2017/07/039658.php
2017/07/04,た〜まや〜♪ 阪口珠美,http://blog.nogizaka46.com/third/2017/07/039615.php
2017/07/03,強くなれるよ。久保史緒里,http://blog.nogizaka46.com/third/2017/07/039606.php
2017/07/02,トゥー。大園桃子,http://blog.nogizaka46.com/third/2017/07/039596.php
2017/07/01,空が綺麗で見とれてたの。梅澤美波,http://blog.nogizaka46.com/third/2017/07/039552.php
2017/06/30, 明日頑張る٩(ˊᗜˋ*)و  岩本蓮加,http://blog.nogizaka46.com/third/2017/06/039524.php
2017/06/29,あ、ぼーっとしてた！ 伊藤理々杏,http://blog.nogizaka46.com/third/2017/06/039512.php
2017/06/28,いいこと1つ今日の中見つけて！  与田祐希,http://blog.nogizaka46.com/third/2017/06/039498.php
2017/06/27,無重力空間 吉田綾乃クリスティー,http://blog.nogizaka46.com/third/2017/06/039478.php
2017/06/26,頭からキノコ生える魔法使えます( ˙꒳˙ )   山下美月,http://blog.nogizaka46.com/third/2017/06/039456.php
2017/06/25,掘っても掘ってもブロッコリーしか出てこない。 向井葉月,http://blog.nogizaka46.com/third/2017/06/039447.php
2017/06/24,何アイスが好きですか？中村麗乃,http://blog.nogizaka46.com/third/2017/06/039410.php
2017/06/23,りんご飴より普通にいちご飴がすっきー 佐藤楓,http://blog.nogizaka46.com/third/2017/06/039408.php
2017/06/22,まっちゃり〜 阪口珠美,http://blog.nogizaka46.com/third/2017/06/039396.php
2017/06/21,たった一言だけなのに。久保史緒里,http://blog.nogizaka46.com/third/2017/06/039383.php
2017/06/20,ももももも〜。大園桃子,http://blog.nogizaka46.com/third/2017/06/039333.php
2017/06/19,下向きがち。梅澤美波,http://blog.nogizaka46.com/third/2017/06/039327.php
2017/06/18,みんなの妹です！  岩本蓮加,http://blog.nogizaka46.com/third/2017/06/039309.php
2017/06/17,そういえば私って... 伊藤理々杏,http://blog.nogizaka46.com/third/2017/06/039273.php
2017/06/16,だめウーマン 与田祐希,http://blog.nogizaka46.com/third/2017/06/039258.php
2017/06/15,目の前に自動販売機 吉田綾乃クリスティー,http://blog.nogizaka46.com/third/2017/06/039242.php
2017/06/14,親友はブロッコリー( ꒳˙ )  山下美月,http://blog.nogizaka46.com/third/2017/06/039229.php
2017/06/13,小籠包の皮の住人。 向井葉月,http://blog.nogizaka46.com/third/2017/06/039180.php
2017/06/12,6月12日いいことあるよ？中村麗乃,http://blog.nogizaka46.com/third/2017/06/039151.php
2017/06/11,猫と兎  佐藤楓,http://blog.nogizaka46.com/third/2017/06/039142.php
2017/06/10,巳年だけど蛇は苦手 阪口珠美,http://blog.nogizaka46.com/third/2017/06/039129.php
2017/06/09,引き出しを増やしたい。 久保史緒里,http://blog.nogizaka46.com/third/2017/06/039121.php
2017/06/08,どんな夢でしたけー。大園桃子,http://blog.nogizaka46.com/third/2017/06/039012.php
2017/06/07,もうちょっとまってよ夏。梅澤美波,http://blog.nogizaka46.com/third/2017/06/038997.php
2017/06/06,こんな2人です。岩本蓮加 ,http://blog.nogizaka46.com/third/2017/06/038982.php
2017/06/05,え？明後日？うん！お洒落していくね！ 伊藤理々杏,http://blog.nogizaka46.com/third/2017/06/038979.php
2017/06/04,会いに行っちゃった〜   与田祐希,http://blog.nogizaka46.com/third/2017/06/038975.php
2017/06/03,ご飯と味噌汁のカロリー 吉田綾乃クリスティー,http://blog.nogizaka46.com/third/2017/06/038966.php
2017/06/02,パルプンテ( ˙꒳˙ )  山下美月,http://blog.nogizaka46.com/third/2017/06/038936.php
2017/06/01,鉛筆かじったらダメだってば。 向井葉月,http://blog.nogizaka46.com/third/2017/06/038925.php
2017/05/31,わたあめが食べたい気分です。中村麗乃,http://blog.nogizaka46.com/third/2017/05/038910.php
2017/05/30,念願の  佐藤楓,http://blog.nogizaka46.com/third/2017/05/038895.php
2017/05/29,生まれてから初めて見た景色 阪口珠美,http://blog.nogizaka46.com/third/2017/05/038884.php
2017/05/28,止まることを知らないランナー 久保史緒里,http://blog.nogizaka46.com/third/2017/05/038864.php
2017/05/27,嬉。大園桃子,http://blog.nogizaka46.com/third/2017/05/038830.php
2017/05/26,見てきたことが逆の立場に。梅澤美波,http://blog.nogizaka46.com/third/2017/05/038821.php
2017/05/25,桃子ガリ好きなんだよね。 岩本蓮加,http://blog.nogizaka46.com/third/2017/05/038802.php
2017/05/24,あの時のご飯美味しかった！また連れてってよ〜 伊藤理々杏,http://blog.nogizaka46.com/third/2017/05/038763.php
2017/05/23,楽しみなこと   与田祐希,http://blog.nogizaka46.com/third/2017/05/038739.php
2017/05/22,きな粉とミルク 吉田綾乃クリスティー,http://blog.nogizaka46.com/third/2017/05/038719.php
2017/05/21,たい焼きの化石( ˙꒳˙ )   山下美月,http://blog.nogizaka46.com/third/2017/05/038711.php
2017/05/20,なるとがカバの歯に付着してる。 向井葉月,http://blog.nogizaka46.com/third/2017/05/038705.php
2017/05/19,真面目な日。中村麗乃,http://blog.nogizaka46.com/third/2017/05/038666.php
2017/05/18,大好き 佐藤楓,http://blog.nogizaka46.com/third/2017/05/038655.php
2017/05/17,チャームポイントはアキレス腱 阪口珠美,http://blog.nogizaka46.com/third/2017/05/038635.php
2017/05/16,12  久保史緒里,http://blog.nogizaka46.com/third/2017/05/038620.php
2017/05/15,ウィスパー。大園桃子,http://blog.nogizaka46.com/third/2017/05/038600.php
2017/05/14,みんながいること。梅澤美波,http://blog.nogizaka46.com/third/2017/05/038588.php
2017/05/13,夏の匂い   岩本蓮加,http://blog.nogizaka46.com/third/2017/05/038581.php
2017/05/12,会えて嬉しいな。 伊藤理々杏,http://blog.nogizaka46.com/third/2017/05/038574.php
2017/05/11,17才最初のブログ　与田祐希,http://blog.nogizaka46.com/third/2017/05/038551.php
2017/05/10,バランスの取り方 吉田綾乃クリスティー,http://blog.nogizaka46.com/third/2017/05/038543.php
2017/05/09,あなたとわたし( ˙꒳˙ )  山下美月,http://blog.nogizaka46.com/third/2017/05/038522.php
2017/05/08,ごぼうルーレット。 向井葉月,http://blog.nogizaka46.com/third/2017/05/038511.php
2017/05/07,かっとっと〜。中村麗乃,http://blog.nogizaka46.com/third/2017/05/038500.php
2017/05/06,みんな大好き名古屋 佐藤楓,http://blog.nogizaka46.com/third/2017/05/038489.php
2017/05/05,こどもの日 阪口珠美,http://blog.nogizaka46.com/third/2017/05/038456.php
2017/05/04,線路をそれて。久保史緒里,http://blog.nogizaka46.com/third/2017/05/038447.php
2017/05/03,お祭り。大園桃子,http://blog.nogizaka46.com/third/2017/05/038436.php
2017/05/02,一歩さがってみる。梅澤美波,http://blog.nogizaka46.com/third/2017/05/038421.php
2017/05/01,れんれの。   岩本蓮加,http://blog.nogizaka46.com/third/2017/05/038355.php
2017/04/30,ねぇ、今度はどこで会うっけ？ 伊藤理々杏,http://blog.nogizaka46.com/third/2017/04/038348.php
2017/04/29,ありがとう！ 与田祐希,http://blog.nogizaka46.com/third/2017/04/038344.php
2017/04/28,5月4日は川に注意 吉田綾乃クリスティー,http://blog.nogizaka46.com/third/2017/04/038323.php
2017/04/27,頑張りすぎたい( ˙꒳˙ )   山下美月,http://blog.nogizaka46.com/third/2017/04/038304.php
2017/04/26,落花生の殻に閉じ込めないでくれ。 向井葉月,http://blog.nogizaka46.com/third/2017/04/038286.php
2017/04/25,たまごでイチゴを育てます。中村麗乃,http://blog.nogizaka46.com/third/2017/04/038273.php
2017/04/24,こく旨カレー並 佐藤,http://blog.nogizaka46.com/third/2017/04/038269.php
2017/04/23,三期生成長中 阪口珠美,http://blog.nogizaka46.com/third/2017/04/038247.php
2017/04/22,いつもと違うブログの雰囲気  久保史緒里,http://blog.nogizaka46.com/third/2017/04/038239.php
2017/04/21,でんじろう。大園桃子,http://blog.nogizaka46.com/third/2017/04/038217.php
2017/04/20,がんばりかた。梅澤美波,http://blog.nogizaka46.com/third/2017/04/038203.php
2017/04/19,岩本蓮加だよっ！  岩本蓮加,http://blog.nogizaka46.com/third/2017/04/038174.php
2017/04/18,寂しがり屋発症しました。 伊藤理々杏,http://blog.nogizaka46.com/third/2017/04/038168.php
2017/04/17,ドキドキに挟まれた日 与田祐希,http://blog.nogizaka46.com/third/2017/04/038153.php
2017/04/16,新しいリュック 吉田綾乃クリスティー,http://blog.nogizaka46.com/third/2017/04/038123.php
2017/04/15,月が綺麗ですね( ˙꒳˙ )   山下美月,http://blog.nogizaka46.com/third/2017/04/038103.php
2017/04/14,顎にナメクジついてるの気づかなかった。 向井葉月,http://blog.nogizaka46.com/third/2017/04/038084.php
2017/04/13,JKデビューして2回目のブログ。本当は4月1日ブログだったのだが書き忘れてしまった。中村麗乃,http://blog.nogizaka46.com/third/2017/04/038069.php
2017/04/12,たくさんありがとう 佐藤楓,http://blog.nogizaka46.com/third/2017/04/038060.php
2017/04/11,ほっぺが桜色 阪口珠美,http://blog.nogizaka46.com/third/2017/04/038048.php
2017/04/10,終点のない各駅停車。久保史緒里,http://blog.nogizaka46.com/third/2017/04/038024.php
2017/04/09,桃のトマト。大園桃子,http://blog.nogizaka46.com/third/2017/04/037990.php
2017/04/08,極度の暑がり。梅澤美波,http://blog.nogizaka46.com/third/2017/04/037964.php
2017/04/07,桜が綺麗だね。 岩本蓮加,http://blog.nogizaka46.com/third/2017/04/037947.php
2017/04/06,私はあなたの手を握る。 伊藤理々杏,http://blog.nogizaka46.com/third/2017/04/037927.php
2017/04/05,幸せいっぱい 与田祐希,http://blog.nogizaka46.com/third/2017/04/037886.php
2017/04/04,パステルの季節 吉田綾乃クリスティー,http://blog.nogizaka46.com/third/2017/04/037850.php
2017/04/03,届けたいもの( ˙꒳˙ )   山下美月,http://blog.nogizaka46.com/third/2017/04/037826.php
2017/04/02,カメムシの羽にしがみついてみた。 向井葉月,http://blog.nogizaka46.com/third/2017/04/037775.php
2017/04/01,見つけた夢と叶えた夢。あ、今日エイプリルフールですね。中村麗乃,http://blog.nogizaka46.com/third/2017/04/037722.php
2017/03/31,幸せいっぱい 佐藤楓,http://blog.nogizaka46.com/third/2017/03/037690.php
2017/03/30,もう少しの夢 阪口珠美,http://blog.nogizaka46.com/third/2017/03/037681.php
2017/03/29,星に願いを。久保史緒里,http://blog.nogizaka46.com/third/2017/03/037651.php
2017/03/28,配分。大園桃子,http://blog.nogizaka46.com/third/2017/03/037640.php
2017/03/27,見てみたいモノ。梅澤美波,http://blog.nogizaka46.com/third/2017/03/037635.php
2017/03/26,れんたんれんたんれんたんたん、駄菓子屋れんたんおいしいよ！ 岩本蓮加,http://blog.nogizaka46.com/third/2017/03/037584.php
2017/03/25,眠ってころりん。 伊藤理々杏,http://blog.nogizaka46.com/third/2017/03/037576.php
2017/03/24,おねがい世界 与田祐希,http://blog.nogizaka46.com/third/2017/03/037555.php
2017/03/23,そらとぶふうせん 吉田綾乃クリスティー,http://blog.nogizaka46.com/third/2017/03/037540.php
2017/03/22,エビフライ( ˙꒳˙ )  山下美月,http://blog.nogizaka46.com/third/2017/03/037530.php
2017/03/21,ベビーカーに乗っているのはヘチマ。向井葉月 ,http://blog.nogizaka46.com/third/2017/03/037509.php
2017/03/20,卒業式とありがとう。中村麗乃,http://blog.nogizaka46.com/third/2017/03/037483.php
2017/03/19,野菜はたくさん食べましょう 佐藤楓,http://blog.nogizaka46.com/third/2017/03/037475.php
2017/03/18,宇宙女子UNIKOこと（´-`）.｡oO 阪口珠美,http://blog.nogizaka46.com/third/2017/03/037456.php
2017/03/17,変わりゆく景色  久保史緒里,http://blog.nogizaka46.com/third/2017/03/037438.php
2017/03/16,鶏飯。大園桃子,http://blog.nogizaka46.com/third/2017/03/037426.php
2017/03/15,あの隅っこ。梅澤美波,http://blog.nogizaka46.com/third/2017/03/037411.php
2017/03/14,ルイボスティーを飲みながら  岩本蓮加,http://blog.nogizaka46.com/third/2017/03/037381.php
2017/03/13,桜の下であなたと。伊藤理々杏,http://blog.nogizaka46.com/third/2017/03/037338.php
2017/03/12,過去 与田祐希,http://blog.nogizaka46.com/third/2017/03/037324.php
2017/03/11,しろのくうかん 吉田綾乃クリスティー,http://blog.nogizaka46.com/third/2017/03/037317.php
2017/03/10,かふーん( ˙꒳˙ )  山下美月,http://blog.nogizaka46.com/third/2017/03/037297.php
2017/03/09,ちくわの穴にカピバラいた。 向井葉月,http://blog.nogizaka46.com/third/2017/03/037267.php
2017/03/08,髪の毛を切りました。中村麗乃,http://blog.nogizaka46.com/third/2017/03/037256.php
2017/03/07,チョコは控えめに 佐藤楓,http://blog.nogizaka46.com/third/2017/03/037229.php
2017/03/06,3期生紹介中　阪口珠美,http://blog.nogizaka46.com/third/2017/03/037214.php
2017/03/05,渋滞。 久保史緒里,http://blog.nogizaka46.com/third/2017/03/037204.php
2017/03/04,3月。大園桃子,http://blog.nogizaka46.com/third/2017/03/037194.php
2017/03/03,夜と朝の狭間。梅澤美波,http://blog.nogizaka46.com/third/2017/03/037173.php
2017/03/02,またブログ長くなっちゃった  岩本蓮加,http://blog.nogizaka46.com/third/2017/03/037167.php
2017/03/01,お勉強します...  伊藤理々杏,http://blog.nogizaka46.com/third/2017/03/037144.php
2017/02/28,芋けんぴ食べすぎちゃった  与田祐希,http://blog.nogizaka46.com/third/2017/02/037117.php
2017/02/27,さむいとあつい 吉田綾乃クリスティー,http://blog.nogizaka46.com/third/2017/02/037100.php
2017/02/26,たくさん( ˙꒳˙ )   山下美月,http://blog.nogizaka46.com/third/2017/02/037080.php
2017/02/25,強風で飛んでいった長芋。 向井葉月,http://blog.nogizaka46.com/third/2017/02/037068.php
2017/02/24,体幹鍛えながら歌の練習をしていたらお腹の筋肉痛で笑うと痛いのが最近の悩みです。中村麗乃,http://blog.nogizaka46.com/third/2017/02/037043.php
2017/02/23,ビタミンが足りてないっぽい 佐藤楓,http://blog.nogizaka46.com/third/2017/02/037040.php
2017/02/22,祝♡5周年 阪口珠美,http://blog.nogizaka46.com/third/2017/02/037015.php
2017/02/21,記憶。 久保史緒里,http://blog.nogizaka46.com/third/2017/02/037007.php
2017/02/20,夢。大園桃子,http://blog.nogizaka46.com/third/2017/02/036997.php
2017/02/19,夜の冷たさ。梅澤美波,http://blog.nogizaka46.com/third/2017/02/036990.php
2017/02/18,もうすぐ春ですね♬ 岩本 蓮加,http://blog.nogizaka46.com/third/2017/02/036979.php
2017/02/17,睡眠って大事だね。 伊藤理々杏,http://blog.nogizaka46.com/third/2017/02/036968.php
2017/02/16,不思議  与田祐希,http://blog.nogizaka46.com/third/2017/02/036953.php
2017/02/15,おいしいみるくてぃー 吉田綾乃クリスティー,http://blog.nogizaka46.com/third/2017/02/036935.php
2017/02/14,はーと( ˙꒳˙ )  山下美月,http://blog.nogizaka46.com/third/2017/02/036931.php
2017/02/13,横断歩道に横たわるネギ,http://blog.nogizaka46.com/third/2017/02/036919.php
2017/02/12,12人で。中村麗乃,http://blog.nogizaka46.com/third/2017/02/036909.php
2017/02/11,12-1=0 佐藤楓,http://blog.nogizaka46.com/third/2017/02/036898.php
2017/02/10,さつまいも 阪口珠美,http://blog.nogizaka46.com/third/2017/02/036878.php
2017/02/09,限界なんてない。久保史緒里,http://blog.nogizaka46.com/third/2017/02/036870.php
2017/02/08,桃。大園桃子,http://blog.nogizaka46.com/third/2017/02/036855.php
2017/02/07,ありがとう。 梅澤美波,http://blog.nogizaka46.com/third/2017/02/036847.php
2017/02/06,プリンシパル。岩本蓮加,http://blog.nogizaka46.com/third/2017/02/036827.php
2017/02/05,やるしか。頑張るしか。全力投球で。 伊藤理々杏,http://blog.nogizaka46.com/third/2017/02/036812.php
2017/02/04,気持ち 与田祐希,http://blog.nogizaka46.com/third/2017/02/036799.php
2017/02/03,ぴんくとむらさき 吉田綾乃クリスティー,http://blog.nogizaka46.com/third/2017/02/036768.php
2017/02/02,いざ出陣( ˙꒳˙ )   山下美月,http://blog.nogizaka46.com/third/2017/02/036741.php
2017/02/01,静電気に襲われるヤマイモ。 向井葉月,http://blog.nogizaka46.com/third/2017/02/036724.php
2017/01/31,ぽん。中村麗乃,http://blog.nogizaka46.com/third/2017/01/036713.php
2017/01/30,なかなか辿り着かない 佐藤楓,http://blog.nogizaka46.com/third/2017/01/036707.php
2017/01/29,努力！感謝！笑顔！ 阪口珠美,http://blog.nogizaka46.com/third/2017/01/036696.php
2017/01/28,ライバルはいつも自分 久保史緒里,http://blog.nogizaka46.com/third/2017/01/036693.php
2017/01/27,公園。 大園桃子,http://blog.nogizaka46.com/third/2017/01/036682.php
2017/01/26,2月の挑戦～。 梅澤美波,http://blog.nogizaka46.com/third/2017/01/036669.php
2017/01/25,綺麗な蓮   岩本蓮加,http://blog.nogizaka46.com/third/2017/01/036655.php
2017/01/24,飼うの？飼わないの？どっちなの？ 伊藤理々杏,http://blog.nogizaka46.com/third/2017/01/036641.php
2017/01/23,おにぎり 与田祐希,http://blog.nogizaka46.com/third/2017/01/036633.php
2017/01/22,くっつき虫 吉田綾乃クリスティー,http://blog.nogizaka46.com/third/2017/01/036609.php
2017/01/21,ぶるぶる( ˙꒳˙ )   山下美月,http://blog.nogizaka46.com/third/2017/01/036588.php
2017/01/20,カーテンの裏にカワウソ。 向井葉月,http://blog.nogizaka46.com/third/2017/01/036572.php
2017/01/19,ふわふわ。中村麗乃。,http://blog.nogizaka46.com/third/2017/01/036563.php
2017/01/18,ジェラート  佐藤楓,http://blog.nogizaka46.com/third/2017/01/036548.php
2017/01/17,Q & TAMA！ 阪口珠美,http://blog.nogizaka46.com/third/2017/01/036538.php
2017/01/16,message。 久保史緒里,http://blog.nogizaka46.com/third/2017/01/036518.php
2017/01/15,とまと。大園桃子,http://blog.nogizaka46.com/third/2017/01/036513.php
2017/01/14,冬がすき。 梅澤美波,http://blog.nogizaka46.com/third/2017/01/036502.php
2017/01/13,13日の金曜日  岩本 蓮加,http://blog.nogizaka46.com/third/2017/01/036471.php
2017/01/12,( ´~`   )モグモグの冬 伊藤理々杏,http://blog.nogizaka46.com/third/2017/01/036450.php
2017/01/11,遅めのあけましておめでとう！ 与田祐希,http://blog.nogizaka46.com/third/2017/01/036437.php
2017/01/10,ふわふわきらきら 吉田綾乃クリスティー,http://blog.nogizaka46.com/third/2017/01/036411.php
2017/01/09,鳥とうさぎと( ˙꒳˙ )   山下美月,http://blog.nogizaka46.com/third/2017/01/036372.php
2017/01/08,立ち乗りのマンボウ。 向井葉月,http://blog.nogizaka46.com/third/2017/01/036358.php
2017/01/07,でも好きなのです。中村麗乃,http://blog.nogizaka46.com/third/2017/01/036339.php
2017/01/06,お正月といえば... 佐藤楓,http://blog.nogizaka46.com/third/2017/01/036327.php
2017/01/05,2017年( ¨̮ )阪口珠美,http://blog.nogizaka46.com/third/2017/01/036310.php
2017/01/04,やってまいりました2017年 久保史緒里,http://blog.nogizaka46.com/third/2017/01/036280.php
2017/01/03,雑炊とお粥。 大園桃子,http://blog.nogizaka46.com/third/2017/01/036273.php
2017/01/02,新年。 梅澤美波,http://blog.nogizaka46.com/third/2017/01/036271.php
2017/01/01,2017年始まりましたね 岩本蓮加,http://blog.nogizaka46.com/third/2017/01/036255.php
2016/12/31,あけますねおめでとうございます 伊藤理々杏,http://blog.nogizaka46.com/third/2016/12/036197.php
2016/12/30,やっと...！  与田祐希,http://blog.nogizaka46.com/third/2016/12/036177.php
2016/12/29,11人目。  吉田綾乃クリスティー,http://blog.nogizaka46.com/third/2016/12/036150.php
2016/12/28,初ブログ( ˙꒳˙ )   山下美月,http://blog.nogizaka46.com/third/2016/12/036116.php
2016/12/27,初めてのわたしです。 向井葉月,http://blog.nogizaka46.com/third/2016/12/036110.php
2016/12/26,はじめまして！　中村麗乃,http://blog.nogizaka46.com/third/2016/12/036094.php
2016/12/25,初めまして！&Merry X'mas！  佐藤楓,http://blog.nogizaka46.com/third/2016/12/036088.php
2016/12/24,メリークリスマス 阪口珠美,http://blog.nogizaka46.com/third/2016/12/036073.php
2016/12/23,皆さん、はじめまして 久保史緒里,http://blog.nogizaka46.com/third/2016/12/036057.php
2016/12/22,初。大園桃子,http://blog.nogizaka46.com/third/2016/12/036037.php
2016/12/21,はじまりました〜☺︎  梅澤美波,http://blog.nogizaka46.com/third/2016/12/036021.php
2016/12/20,初めまして〜！ 岩本蓮加,http://blog.nogizaka46.com/third/2016/12/035998.php
2016/12/19,初めての...   伊藤理々杏,http://blog.nogizaka46.com/third/2016/12/035979.php
