2019-10-04,一度座ると中々動き出せない。ですよね？,http://blog.nogizaka46.com/minami.umezawa/2019/10/053026.php
2019-09-29,映画のお供は絶対チュロス,http://blog.nogizaka46.com/minami.umezawa/2019/09/052860.php
2019-09-15,景色を眺めてた,http://blog.nogizaka46.com/minami.umezawa/2019/09/052617.php
2019-09-13,あっという間にすぎてしまいましたが。,http://blog.nogizaka46.com/minami.umezawa/2019/09/052601.php
2019-09-04,丸３年。,http://blog.nogizaka46.com/minami.umezawa/2019/09/052439.php
2019-08-23,今日は嬉しいことがありました,http://blog.nogizaka46.com/minami.umezawa/2019/08/052257.php
2019-08-12,夏が過ぎてく,http://blog.nogizaka46.com/minami.umezawa/2019/08/052105.php
2019-08-03,沢山食べてパワーをつけて,http://blog.nogizaka46.com/minami.umezawa/2019/08/051917.php
2019-07-29,夏の匂いがした,http://blog.nogizaka46.com/minami.umezawa/2019/07/051869.php
2019-07-14,元通りになる,http://blog.nogizaka46.com/minami.umezawa/2019/07/051751.php
2019-07-10,沈黙が続いたイヤフォン,http://blog.nogizaka46.com/minami.umezawa/2019/07/051659.php
2019-07-01,もう７月、下半期突入ですね〜,http://blog.nogizaka46.com/minami.umezawa/2019/07/051478.php
2019-06-16,まっしろコーデ,http://blog.nogizaka46.com/minami.umezawa/2019/06/051185.php
2019-06-11,６月になってもうこんなに経ってるなんて、、,http://blog.nogizaka46.com/minami.umezawa/2019/06/051126.php
2019-06-02,夜はまだ涼しいですね,http://blog.nogizaka46.com/minami.umezawa/2019/06/050988.php
2019-05-22,クッションを夏仕様に変えました〜,http://blog.nogizaka46.com/minami.umezawa/2019/05/050802.php
2019-05-20,一瞬だけ降った雨に打たれました。いや〜雨の匂い好きなんですよね〜,http://blog.nogizaka46.com/minami.umezawa/2019/05/050754.php
2019-05-09,真っ直ぐ見つめるのです,http://blog.nogizaka46.com/minami.umezawa/2019/05/050515.php
2019-05-05,暑いのは苦手だけど夜の気温最高に好きです,http://blog.nogizaka46.com/minami.umezawa/2019/05/050479.php
2019-04-27,皆様はどんな曲が好きですか？,http://blog.nogizaka46.com/minami.umezawa/2019/04/050369.php
2019-04-25,睡眠って大事だなあって,http://blog.nogizaka46.com/minami.umezawa/2019/04/050347.php
2019-04-14,振り返ってみたり,http://blog.nogizaka46.com/minami.umezawa/2019/04/050003.php
2019-04-12,寒さが戻ってきたぞーーー,http://blog.nogizaka46.com/minami.umezawa/2019/04/049963.php
2019-04-08,お部屋を大改造したくて仕方ありません,http://blog.nogizaka46.com/minami.umezawa/2019/04/049907.php
2019-04-03,追いつかないまま過ぎていってしまう,http://blog.nogizaka46.com/minami.umezawa/2019/04/049861.php
2019-03-20,花粉と思われる時々症状が現れます、が、きっと勘違いだと思い込みます,http://blog.nogizaka46.com/minami.umezawa/2019/03/049551.php
2019-03-18,寒いのか暖かいのか、いやまだ寒いのか,http://blog.nogizaka46.com/minami.umezawa/2019/03/049517.php
2019-03-09,春服が可愛くて可愛くて仕方がないですっ！,http://blog.nogizaka46.com/minami.umezawa/2019/03/049427.php
2019-02-21,1日目！！,http://blog.nogizaka46.com/minami.umezawa/2019/02/049291.php
2019-02-16,ちょっとの移動時間でもすぐ眠れる最近です,http://blog.nogizaka46.com/minami.umezawa/2019/02/049239.php
2019-02-06,DVD&Blu-ray発売です〜！,http://blog.nogizaka46.com/minami.umezawa/2019/02/049151.php
2019-02-02,文章が下手ですみません、、盛りだくさんです,http://blog.nogizaka46.com/minami.umezawa/2019/02/049082.php
2019-01-29,早いのかゆっくりなのか,http://blog.nogizaka46.com/minami.umezawa/2019/01/049052.php
2019-01-21,薄着で毛布にくるまるのが好き、、寝る時は暖かくするけどねっ,http://blog.nogizaka46.com/minami.umezawa/2019/01/048923.php
2019-01-15,成人の日,http://blog.nogizaka46.com/minami.umezawa/2019/01/048827.php
2019-01-06,ハタチですって,http://blog.nogizaka46.com/minami.umezawa/2019/01/048727.php
2019-01-02,ありがとうございました、そしてよろしくお願いします！,http://blog.nogizaka46.com/minami.umezawa/2019/01/048598.php
2018-12-25,クリスマスですって皆さん〜！！！,http://blog.nogizaka46.com/minami.umezawa/2018/12/048476.php
2018-12-22,クリスマスソングがとても好きです,http://blog.nogizaka46.com/minami.umezawa/2018/12/048440.php
2018-12-18,今年は来るかな〜なんて,http://blog.nogizaka46.com/minami.umezawa/2018/12/048392.php
2018-12-14,必然性、,http://blog.nogizaka46.com/minami.umezawa/2018/12/048243.php
2018-12-09,だいすき,http://blog.nogizaka46.com/minami.umezawa/2018/12/048182.php
2018-12-01,久しぶりになってしまった書きたいことが沢山あります,http://blog.nogizaka46.com/minami.umezawa/2018/12/048120.php
2018-11-18,気づけば街はすっかりクリスマスモードでした、,http://blog.nogizaka46.com/minami.umezawa/2018/11/047836.php
2018-11-11,服の整理をしていたら意外と白い服が多かったことに気がつきました〜,http://blog.nogizaka46.com/minami.umezawa/2018/11/047737.php
2018-11-01,クリスマスのCMが流れめました〜わくわくしまね〜,http://blog.nogizaka46.com/minami.umezawa/2018/11/047611.php
2018-10-26,金木犀なくなったとおもったらあったの！,http://blog.nogizaka46.com/minami.umezawa/2018/10/047519.php
2018-10-23,外の気温が好きすぎて夜は散歩の毎日～,http://blog.nogizaka46.com/minami.umezawa/2018/10/047477.php
2018-10-15,あっという間に年末迎えそう,http://blog.nogizaka46.com/minami.umezawa/2018/10/047378.php
2018-10-13,やっぱり秋冬が好き！,http://blog.nogizaka46.com/minami.umezawa/2018/10/047353.php
2018-10-09,セーラージュピター！,http://blog.nogizaka46.com/minami.umezawa/2018/10/047302.php
2018-10-05,難しい壁,http://blog.nogizaka46.com/minami.umezawa/2018/10/047267.php
2018-09-30,慎重にゆっくりと,http://blog.nogizaka46.com/minami.umezawa/2018/09/047164.php
2018-09-28,最近の色々と沈金！,http://blog.nogizaka46.com/minami.umezawa/2018/09/047141.php
2018-09-23,サンダーボルトーーー！！,http://blog.nogizaka46.com/minami.umezawa/2018/09/047072.php
2018-09-22,女子〜女子〜！！女の子に生まれたからにはっ,http://blog.nogizaka46.com/minami.umezawa/2018/09/047062.php
2018-09-18,好きなことを好きなだけ,http://blog.nogizaka46.com/minami.umezawa/2018/09/047033.php
2018-09-15,たまには欲張りになってみても,http://blog.nogizaka46.com/minami.umezawa/2018/09/046772.php
2018-09-10,雨の降る夜の街もいいですね、好きです,http://blog.nogizaka46.com/minami.umezawa/2018/09/046715.php
2018-09-08,色々と。,http://blog.nogizaka46.com/minami.umezawa/2018/09/046699.php
2018-09-04,変わらずにっ,http://blog.nogizaka46.com/minami.umezawa/2018/09/046669.php
2018-09-03,はしゃぐの,http://blog.nogizaka46.com/minami.umezawa/2018/09/046604.php
2018-08-30,金木犀の季節がもうすぐやってきますね〜,http://blog.nogizaka46.com/minami.umezawa/2018/08/046574.php
2018-08-27,七つの大罪 The STAGE！,http://blog.nogizaka46.com/minami.umezawa/2018/08/046533.php
2018-08-16,イヤホンから流れるメロディ〜,http://blog.nogizaka46.com/minami.umezawa/2018/08/046428.php
2018-08-12,このあとすぐだよ〜,http://blog.nogizaka46.com/minami.umezawa/2018/08/046380.php
2018-08-10,どもどもども〜,http://blog.nogizaka46.com/minami.umezawa/2018/08/046364.php
2018-08-06,ついに〜！開幕〜！,http://blog.nogizaka46.com/minami.umezawa/2018/08/046332.php
2018-07-28,一度ハマったら飽きるまでひたすら貫き通す,http://blog.nogizaka46.com/minami.umezawa/2018/07/046213.php
2018-07-17,すっかり夏だね〜気づけば７月もあと半月,http://blog.nogizaka46.com/minami.umezawa/2018/07/046039.php
2018-07-11,七つの大罪と握手会とライブと告知と、、,http://blog.nogizaka46.com/minami.umezawa/2018/07/045938.php
2018-07-03,簡単なことはなにもない,http://blog.nogizaka46.com/minami.umezawa/2018/07/045841.php
2018-06-30,乃木坂46版 ミュージカル「美少女戦士セーラームーン」！千秋楽を迎えてから１週間経った今でも毎日舞台に立ってる夢を見る！それくらい私にとって大切な時間でした！まだ９月にもあるけど！,http://blog.nogizaka46.com/minami.umezawa/2018/06/045790.php
2018-06-27,DAY♡♡,http://blog.nogizaka46.com/minami.umezawa/2018/06/045757.php
2018-06-16,雷と勇気！,http://blog.nogizaka46.com/minami.umezawa/2018/06/045370.php
2018-06-10,いっぱいの愛情,http://blog.nogizaka46.com/minami.umezawa/2018/06/045300.php
2018-05-28,おんなのかっこよさとは,http://blog.nogizaka46.com/minami.umezawa/2018/05/045073.php
2018-05-17,今更とか言わないで星の王女さまだよ,http://blog.nogizaka46.com/minami.umezawa/2018/05/044941.php
2018-05-13,気持ちが大事,http://blog.nogizaka46.com/minami.umezawa/2018/05/044887.php
2018-05-06,握手会たくさんありがとう,http://blog.nogizaka46.com/minami.umezawa/2018/05/044776.php
2018-04-28,知らない街の探検,http://blog.nogizaka46.com/minami.umezawa/2018/04/044650.php
2018-04-18,支えられて気づく,http://blog.nogizaka46.com/minami.umezawa/2018/04/044499.php
2018-04-11,車から見える東京の夜の景色がすごくすき,http://blog.nogizaka46.com/minami.umezawa/2018/04/044414.php
2018-04-07,惑星巡って旅に出てみたりしてるの,http://blog.nogizaka46.com/minami.umezawa/2018/04/044373.php
2018-04-03,七つの大罪 The STAGE,http://blog.nogizaka46.com/minami.umezawa/2018/04/044311.php
2018-03-30,外出たら懐かしい匂いがするの,http://blog.nogizaka46.com/minami.umezawa/2018/03/044210.php
2018-03-27,ぶち破ってみちゃう,http://blog.nogizaka46.com/minami.umezawa/2018/03/043943.php
2018-03-24,よいよいよい,http://blog.nogizaka46.com/minami.umezawa/2018/03/043770.php
2018-03-20,だんだん増える光の数,http://blog.nogizaka46.com/minami.umezawa/2018/03/043700.php
2018-03-18,目の前にドカーンと,http://blog.nogizaka46.com/minami.umezawa/2018/03/043647.php
2018-03-14,同じ曲をずっと流してます、これで５回目,http://blog.nogizaka46.com/minami.umezawa/2018/03/043601.php
2019-10-04,一度座ると中々動き出せない。ですよね？,http://blog.nogizaka46.com/minami.umezawa/
